<?xml version="1.0" encoding="UTF-8"?>
<project version="4">
  <component name="ChangeListManager">
    <list default="true" id="5e4e3c09-d78f-4634-93ee-57664303ec30" name="Default" comment="" />
    <option name="EXCLUDED_CONVERTED_TO_IGNORED" value="true" />
    <option name="TRACKING_ENABLED" value="true" />
    <option name="SHOW_DIALOG" value="false" />
    <option name="HIGHLIGHT_CONFLICTS" value="true" />
    <option name="HIGHLIGHT_NON_ACTIVE_CHANGELIST" value="false" />
    <option name="LAST_RESOLUTION" value="IGNORE" />
  </component>
  <component name="FileEditorManager">
    <leaf>
      <file leaf-file-name="base.html" pinned="false" current-in-tab="true">
        <entry file="file://$PROJECT_DIR$/zeto/templates/base.html">
          <provider selected="true" editor-type-id="text-editor">
            <state relative-caret-position="4199">
              <caret line="247" column="42" lean-forward="true" selection-start-line="247" selection-start-column="42" selection-end-line="247" selection-end-column="42" />
              <folding />
            </state>
          </provider>
        </entry>
      </file>
      <file leaf-file-name="views.py" pinned="false" current-in-tab="false">
        <entry file="file://$PROJECT_DIR$/zeto/views.py">
          <provider selected="true" editor-type-id="text-editor">
            <state relative-caret-position="-415">
              <caret line="14" column="49" lean-forward="false" selection-start-line="14" selection-start-column="49" selection-end-line="14" selection-end-column="49" />
              <folding>
                <element signature="e#0#35#0" expanded="true" />
              </folding>
            </state>
          </provider>
        </entry>
      </file>
      <file leaf-file-name="urls.py" pinned="false" current-in-tab="false">
        <entry file="file://$PROJECT_DIR$/zeto/urls.py">
          <provider selected="true" editor-type-id="text-editor">
            <state relative-caret-position="119">
              <caret line="7" column="52" lean-forward="false" selection-start-line="7" selection-start-column="52" selection-end-line="7" selection-end-column="52" />
              <folding>
                <element signature="e#0#32#0" expanded="true" />
              </folding>
            </state>
          </provider>
        </entry>
      </file>
      <file leaf-file-name="wsgi.py" pinned="false" current-in-tab="false">
        <entry file="file://$PROJECT_DIR$/yolo1/wsgi.py">
          <provider selected="true" editor-type-id="text-editor">
            <state relative-caret-position="0">
              <caret line="0" column="0" lean-forward="false" selection-start-line="0" selection-start-column="0" selection-end-line="0" selection-end-column="0" />
              <folding />
            </state>
          </provider>
        </entry>
      </file>
      <file leaf-file-name="urls.py" pinned="false" current-in-tab="false">
        <entry file="file://$PROJECT_DIR$/yolo1/urls.py">
          <provider selected="true" editor-type-id="text-editor">
            <state relative-caret-position="340">
              <caret line="20" column="39" lean-forward="false" selection-start-line="20" selection-start-column="39" selection-end-line="20" selection-end-column="39" />
              <folding>
                <element signature="e#629#661#0" expanded="true" />
              </folding>
            </state>
          </provider>
        </entry>
      </file>
      <file leaf-file-name="settings.py" pinned="false" current-in-tab="false">
        <entry file="file://$PROJECT_DIR$/yolo1/settings.py">
          <provider selected="true" editor-type-id="text-editor">
            <state relative-caret-position="306">
              <caret line="39" column="11" lean-forward="false" selection-start-line="39" selection-start-column="11" selection-end-line="39" selection-end-column="11" />
              <folding />
            </state>
          </provider>
        </entry>
      </file>
      <file leaf-file-name="__init__.py" pinned="false" current-in-tab="false">
        <entry file="file://$PROJECT_DIR$/yolo1/__init__.py">
          <provider selected="true" editor-type-id="text-editor">
            <state relative-caret-position="0">
              <caret line="0" column="0" lean-forward="false" selection-start-line="0" selection-start-column="0" selection-end-line="0" selection-end-column="0" />
              <folding />
            </state>
          </provider>
        </entry>
      </file>
    </leaf>
  </component>
  <component name="FileTemplateManagerImpl">
    <option name="RECENT_TEMPLATES">
      <list>
        <option value="HTML File" />
        <option value="Python Script" />
      </list>
    </option>
  </component>
  <component name="IdeDocumentHistory">
    <option name="CHANGED_PATHS">
      <list>
        <option value="$PROJECT_DIR$/yolo1/settings.py" />
        <option value="$PROJECT_DIR$/yolo1/urls.py" />
        <option value="$PROJECT_DIR$/zeto/urls.py" />
        <option value="$PROJECT_DIR$/zeto/templates/base.html" />
        <option value="$PROJECT_DIR$/zeto/views.py" />
      </list>
    </option>
  </component>
  <component name="ProjectFrameBounds" extendedState="6">
    <option name="x" value="-8" />
    <option name="y" value="-8" />
    <option name="width" value="589" />
    <option name="height" value="697" />
  </component>
  <component name="ProjectView">
    <navigator currentView="ProjectPane" proportions="" version="1">
      <flattenPackages />
      <showMembers />
      <showModules />
      <showLibraryContents />
      <hideEmptyPackages />
      <abbreviatePackageNames />
      <autoscrollToSource />
      <autoscrollFromSource />
      <sortByType />
      <manualOrder />
      <foldersAlwaysOnTop value="true" />
    </navigator>
    <panes>
      <pane id="Scratches" />
      <pane id="ProjectPane">
        <subPane>
          <expand>
            <path>
              <item name="yolo1" type="b2602c69:ProjectViewProjectNode" />
              <item name="yolo1" type="462c0819:PsiDirectoryNode" />
            </path>
            <path>
              <item name="yolo1" type="b2602c69:ProjectViewProjectNode" />
              <item name="yolo1" type="462c0819:PsiDirectoryNode" />
              <item name="yolo1" type="462c0819:PsiDirectoryNode" />
            </path>
            <path>
              <item name="yolo1" type="b2602c69:ProjectViewProjectNode" />
              <item name="yolo1" type="462c0819:PsiDirectoryNode" />
              <item name="zeto" type="462c0819:PsiDirectoryNode" />
            </path>
            <path>
              <item name="yolo1" type="b2602c69:ProjectViewProjectNode" />
              <item name="yolo1" type="462c0819:PsiDirectoryNode" />
              <item name="zeto" type="462c0819:PsiDirectoryNode" />
              <item name="templates" type="462c0819:PsiDirectoryNode" />
            </path>
            <path>
              <item name="yolo1" type="b2602c69:ProjectViewProjectNode" />
              <item name="External Libraries" type="cb654da1:ExternalLibrariesNode" />
            </path>
            <path>
              <item name="yolo1" type="b2602c69:ProjectViewProjectNode" />
              <item name="External Libraries" type="cb654da1:ExternalLibrariesNode" />
              <item name="&lt; Python 3.6.4 (F:\python3\python.exe) &gt;" type="70bed36:NamedLibraryElementNode" />
            </path>
            <path>
              <item name="yolo1" type="b2602c69:ProjectViewProjectNode" />
              <item name="External Libraries" type="cb654da1:ExternalLibrariesNode" />
              <item name="&lt; Python 3.6.4 (F:\python3\python.exe) &gt;" type="70bed36:NamedLibraryElementNode" />
              <item name="python3" type="462c0819:PsiDirectoryNode" />
            </path>
            <path>
              <item name="yolo1" type="b2602c69:ProjectViewProjectNode" />
              <item name="External Libraries" type="cb654da1:ExternalLibrariesNode" />
              <item name="&lt; Python 3.6.4 (F:\python3\python.exe) &gt;" type="70bed36:NamedLibraryElementNode" />
              <item name="python3" type="462c0819:PsiDirectoryNode" />
              <item name="harry" type="462c0819:PsiDirectoryNode" />
            </path>
            <path>
              <item name="yolo1" type="b2602c69:ProjectViewProjectNode" />
              <item name="External Libraries" type="cb654da1:ExternalLibrariesNode" />
              <item name="&lt; Python 3.6.4 (F:\python3\python.exe) &gt;" type="70bed36:NamedLibraryElementNode" />
              <item name="python3" type="462c0819:PsiDirectoryNode" />
              <item name="harry" type="462c0819:PsiDirectoryNode" />
              <item name="yolo" type="462c0819:PsiDirectoryNode" />
            </path>
          </expand>
          <select />
        </subPane>
      </pane>
      <pane id="Scope" />
    </panes>
  </component>
  <component name="PropertiesComponent">
    <property name="last_opened_file_path" value="$PROJECT_DIR$/../../gen" />
    <property name="DefaultHtmlFileTemplate" value="HTML File" />
  </component>
  <component name="RunDashboard">
    <option name="ruleStates">
      <list>
        <RuleState>
          <option name="name" value="ConfigurationTypeDashboardGroupingRule" />
        </RuleState>
        <RuleState>
          <option name="name" value="StatusDashboardGroupingRule" />
        </RuleState>
      </list>
    </option>
  </component>
  <component name="RunManager" selected="Python.views">
    <configuration name="views" type="PythonConfigurationType" factoryName="Python" temporary="true">
      <option name="INTERPRETER_OPTIONS" value="" />
      <option name="PARENT_ENVS" value="true" />
      <envs>
        <env name="PYTHONUNBUFFERED" value="1" />
      </envs>
      <option name="SDK_HOME" value="" />
      <option name="WORKING_DIRECTORY" value="$PROJECT_DIR$/zeto" />
      <option name="IS_MODULE_SDK" value="true" />
      <option name="ADD_CONTENT_ROOTS" value="true" />
      <option name="ADD_SOURCE_ROOTS" value="true" />
      <module name="yolo1" />
      <option name="SCRIPT_NAME" value="$PROJECT_DIR$/zeto/views.py" />
      <option name="PARAMETERS" value="" />
      <option name="SHOW_COMMAND_LINE" value="false" />
      <option name="EMULATE_TERMINAL" value="false" />
    </configuration>
    <recent_temporary>
      <list size="1">
        <item index="0" class="java.lang.String" itemvalue="Python.views" />
      </list>
    </recent_temporary>
  </component>
  <component name="ShelveChangesManager" show_recycled="false">
    <option name="remove_strategy" value="false" />
  </component>
  <component name="TaskManager">
    <task active="true" id="Default" summary="Default task">
      <changelist id="5e4e3c09-d78f-4634-93ee-57664303ec30" name="Default" comment="" />
      <created>1529907117321</created>
      <option name="number" value="Default" />
      <option name="presentableId" value="Default" />
      <updated>1529907117321</updated>
    </task>
    <servers />
  </component>
  <component name="ToolWindowManager">
    <frame x="-8" y="-8" width="1382" height="744" extended-state="6" />
    <layout>
      <window_info id="Project" active="false" anchor="left" auto_hide="false" internal_type="DOCKED" type="DOCKED" visible="true" show_stripe_button="true" weight="0.24963397" sideWeight="0.5" order="0" side_tool="false" content_ui="combo" />
      <window_info id="TODO" active="false" anchor="bottom" auto_hide="false" internal_type="DOCKED" type="DOCKED" visible="false" show_stripe_button="true" weight="0.33" sideWeight="0.5" order="6" side_tool="false" content_ui="tabs" />
      <window_info id="Event Log" active="false" anchor="bottom" auto_hide="false" internal_type="DOCKED" type="DOCKED" visible="false" show_stripe_button="true" weight="0.33" sideWeight="0.5" order="-1" side_tool="true" content_ui="tabs" />
      <window_info id="Run" active="false" anchor="bottom" auto_hide="false" internal_type="DOCKED" type="DOCKED" visible="false" show_stripe_button="true" weight="0.12678288" sideWeight="0.5" order="2" side_tool="false" content_ui="tabs" />
      <window_info id="Version Control" active="false" anchor="bottom" auto_hide="false" internal_type="DOCKED" type="DOCKED" visible="false" show_stripe_button="false" weight="0.33" sideWeight="0.5" order="-1" side_tool="false" content_ui="tabs" />
      <window_info id="Python Console" active="false" anchor="bottom" auto_hide="false" internal_type="DOCKED" type="DOCKED" visible="false" show_stripe_button="true" weight="0.33" sideWeight="0.5" order="-1" side_tool="false" content_ui="tabs" />
      <window_info id="Structure" active="false" anchor="left" auto_hide="false" internal_type="DOCKED" type="DOCKED" visible="false" show_stripe_button="true" weight="0.25" sideWeight="0.5" order="1" side_tool="false" content_ui="tabs" />
      <window_info id="Terminal" active="false" anchor="bottom" auto_hide="false" internal_type="DOCKED" type="DOCKED" visible="false" show_stripe_button="true" weight="0.33" sideWeight="0.5" order="-1" side_tool="false" content_ui="tabs" />
      <window_info id="Debug" active="false" anchor="bottom" auto_hide="false" internal_type="DOCKED" type="DOCKED" visible="false" show_stripe_button="true" weight="0.4" sideWeight="0.5" order="3" side_tool="false" content_ui="tabs" />
      <window_info id="Favorites" active="false" anchor="left" auto_hide="false" internal_type="DOCKED" type="DOCKED" visible="false" show_stripe_button="true" weight="0.33" sideWeight="0.5" order="-1" side_tool="true" content_ui="tabs" />
      <window_info id="Data View" active="false" anchor="right" auto_hide="false" internal_type="DOCKED" type="DOCKED" visible="false" show_stripe_button="true" weight="0.33" sideWeight="0.5" order="-1" side_tool="false" content_ui="tabs" />
      <window_info id="Cvs" active="false" anchor="bottom" auto_hide="false" internal_type="DOCKED" type="DOCKED" visible="false" show_stripe_button="true" weight="0.25" sideWeight="0.5" order="4" side_tool="false" content_ui="tabs" />
      <window_info id="Hierarchy" active="false" anchor="right" auto_hide="false" internal_type="DOCKED" type="DOCKED" visible="false" show_stripe_button="true" weight="0.25" sideWeight="0.5" order="2" side_tool="false" content_ui="combo" />
      <window_info id="Message" active="false" anchor="bottom" auto_hide="false" internal_type="DOCKED" type="DOCKED" visible="false" show_stripe_button="true" weight="0.33" sideWeight="0.5" order="0" side_tool="false" content_ui="tabs" />
      <window_info id="Commander" active="false" anchor="right" auto_hide="false" internal_type="DOCKED" type="DOCKED" visible="false" show_stripe_button="true" weight="0.4" sideWeight="0.5" order="0" side_tool="false" content_ui="tabs" />
      <window_info id="Find" active="false" anchor="bottom" auto_hide="false" internal_type="DOCKED" type="DOCKED" visible="false" show_stripe_button="true" weight="0.33" sideWeight="0.5" order="1" side_tool="false" content_ui="tabs" />
      <window_info id="Inspection" active="false" anchor="bottom" auto_hide="false" internal_type="DOCKED" type="DOCKED" visible="false" show_stripe_button="true" weight="0.4" sideWeight="0.5" order="5" side_tool="false" content_ui="tabs" />
      <window_info id="Ant Build" active="false" anchor="right" auto_hide="false" internal_type="DOCKED" type="DOCKED" visible="false" show_stripe_button="true" weight="0.25" sideWeight="0.5" order="1" side_tool="false" content_ui="tabs" />
    </layout>
  </component>
  <component name="VcsContentAnnotationSettings">
    <option name="myLimit" value="2678400000" />
  </component>
  <component name="XDebuggerManager">
    <breakpoint-manager />
    <watches-manager />
  </component>
  <component name="editorHistoryManager">
    <entry file="file://$PROJECT_DIR$/yolo1/__init__.py">
      <provider selected="true" editor-type-id="text-editor">
        <state relative-caret-position="0">
          <caret line="0" column="0" lean-forward="false" selection-start-line="0" selection-start-column="0" selection-end-line="0" selection-end-column="0" />
          <folding />
        </state>
      </provider>
    </entry>
    <entry file="file://$PROJECT_DIR$/yolo1/wsgi.py">
      <provider selected="true" editor-type-id="text-editor">
        <state relative-caret-position="0">
          <caret line="0" column="0" lean-forward="false" selection-start-line="0" selection-start-column="0" selection-end-line="0" selection-end-column="0" />
          <folding />
        </state>
      </provider>
    </entry>
    <entry file="file://$PROJECT_DIR$/yolo1/settings.py">
      <provider selected="true" editor-type-id="text-editor">
        <state relative-caret-position="306">
          <caret line="39" column="11" lean-forward="false" selection-start-line="39" selection-start-column="11" selection-end-line="39" selection-end-column="11" />
          <folding />
        </state>
      </provider>
    </entry>
    <entry file="file://$PROJECT_DIR$/yolo1/urls.py">
      <provider selected="true" editor-type-id="text-editor">
        <state relative-caret-position="340">
          <caret line="20" column="39" lean-forward="false" selection-start-line="20" selection-start-column="39" selection-end-line="20" selection-end-column="39" />
          <folding>
            <element signature="e#629#661#0" expanded="true" />
          </folding>
        </state>
      </provider>
    </entry>
    <entry file="file://$PROJECT_DIR$/zeto/urls.py">
      <provider selected="true" editor-type-id="text-editor">
        <state relative-caret-position="119">
          <caret line="7" column="52" lean-forward="false" selection-start-line="7" selection-start-column="52" selection-end-line="7" selection-end-column="52" />
          <folding>
            <element signature="e#0#32#0" expanded="true" />
          </folding>
        </state>
      </provider>
    </entry>
    <entry file="file://$PROJECT_DIR$/zeto/views.py">
      <provider selected="true" editor-type-id="text-editor">
        <state relative-caret-position="-415">
          <caret line="14" column="49" lean-forward="false" selection-start-line="14" selection-start-column="49" selection-end-line="14" selection-end-column="49" />
          <folding>
            <element signature="e#0#35#0" expanded="true" />
          </folding>
        </state>
      </provider>
    </entry>
    <entry file="file://$PROJECT_DIR$/zeto/templates/base.html">
      <provider selected="true" editor-type-id="text-editor">
        <state relative-caret-position="4199">
          <caret line="247" column="42" lean-forward="true" selection-start-line="247" selection-start-column="42" selection-end-line="247" selection-end-column="42" />
          <folding />
        </state>
      </provider>
    </entry>
  </component>
</project>